n_experiment,pattern,length,n_rows,n_cols,rank,condnumber,sparsity,isdiag,issymmetric,ishermitian,isposdef,istriu,istril,algorithm,cast_time,calc_time,error
2,baart,256,16,16,11,7.845959254207523e16,0.0,0.0,0.0,0.0,0.0,0.0,0.0,dgetrf,0.0,4.958e-6,1.2495459777988548e-17
2,baart,65536,256,256,11,9.213478368459455e18,0.0,0.0,0.0,0.0,0.0,0.0,0.0,dgetrf,0.0,0.000424625,1.3159222401732061e-17
2,baart,256,16,16,11,7.845959254207523e16,0.0,0.0,0.0,0.0,0.0,0.0,0.0,dgetrf,0.0,4.958e-6,1.2495459777988548e-17
2,binomial,256,16,16,16,4739.528197796848,0.0,0.0,0.0,0.0,0.0,0.0,0.0,dgetrf,0.0,4.125e-6,1.122062291037993e-19
3,binomial,16,4,4,4,2.618033988749895,0.0,0.0,0.0,0.0,0.0,0.0,0.0,dgetrf,0.0,3.0e-6,2.6175084968722123e-17
3,blur,256,16,16,16,13.701906206478105,0.234375,0.0,1.0,1.0,1.0,0.0,0.0,dgetrf,2.75e-6,4.417e-6,3.0398006895221475e-17
1,blur,65536,256,256,256,29.029964945542645,0.91644287109375,0.0,1.0,1.0,1.0,0.0,0.0,dgetrf,3.1041e-5,0.000343417,8.1626327834683e-18
3,blur,256,16,16,16,13.701906206478105,0.234375,0.0,1.0,1.0,1.0,0.0,0.0,dgetrf,2.75e-6,4.417e-6,3.0398006895221475e-17
3,cauchy,256,16,16,12,3.196017967132064e17,0.0,0.0,1.0,1.0,0.0,0.0,0.0,dgetrf,0.0,4.0e-6,1.3428604484220378e-17
3,cauchy,65536,256,256,20,1.897176745769803e20,0.0,0.0,1.0,1.0,0.0,0.0,0.0,dgetrf,0.0,0.000363583,4.8083846107373245e-18
3,cauchy,256,16,16,12,3.196017967132064e17,0.0,0.0,1.0,1.0,0.0,0.0,0.0,dgetrf,0.0,4.0e-6,1.3428604484220378e-17
3,chebspec,256,16,16,15,8.066789116914289e15,0.0,0.0,0.0,0.0,0.0,0.0,0.0,dgetrf,0.0,3.917e-6,3.217091680277219e-17
2,chebspec,65536,256,256,255,3.3964976940053894e14,0.0,0.0,0.0,0.0,0.0,0.0,0.0,dgetrf,0.0,0.000334042,4.039588629353205e-18
3,chebspec,256,16,16,15,8.066789116914289e15,0.0,0.0,0.0,0.0,0.0,0.0,0.0,dgetrf,0.0,3.917e-6,3.217091680277219e-17
2,circul,256,16,16,16,16.999999999999996,0.0,0.0,0.0,0.0,0.0,0.0,0.0,dgetrf,0.0,4.125e-6,4.1493599120247745e-17
2,circul,65536,256,256,256,256.99999999999955,0.0,0.0,0.0,0.0,0.0,0.0,0.0,dgetrf,0.0,0.000341916,1.876942973846599e-17
2,circul,256,16,16,16,16.999999999999996,0.0,0.0,0.0,0.0,0.0,0.0,0.0,dgetrf,0.0,4.125e-6,4.1493599120247745e-17
1,companion,256,16,16,16,1496.9993319970483,0.87890625,0.0,0.0,0.0,0.0,0.0,0.0,dgetrf,0.0,5.041e-6,1.1579480385681508e-18
3,companion,65536,256,256,256,5.625217000001259e6,0.9922027587890625,0.0,0.0,0.0,0.0,0.0,0.0,klu,0.0,1.5625e-5,3.467310429316881e-20
1,companion,256,16,16,16,1496.9993319970483,0.87890625,0.0,0.0,0.0,0.0,0.0,0.0,dgetrf,0.0,5.041e-6,1.1579480385681508e-18
3,deriv2,256,16,16,16,310.26060675945143,0.0,0.0,1.0,1.0,0.0,0.0,0.0,dgetrf,0.0,4.292e-6,1.0579543934129054e-17
3,deriv2,65536,256,256,256,79681.22110174366,0.0,0.0,1.0,1.0,0.0,0.0,0.0,dgetrf,0.0,0.000345208,1.0356980153012648e-17
3,deriv2,256,16,16,16,310.26060675945143,0.0,0.0,1.0,1.0,0.0,0.0,0.0,dgetrf,0.0,4.292e-6,1.0579543934129054e-17
2,dingdong,256,16,16,16,2.597041432373485,0.0,0.0,1.0,1.0,0.0,0.0,0.0,dgetrf,0.0,3.75e-6,4.498113587669071e-17
2,dingdong,65536,256,256,256,3.6884666368943666,0.0,0.0,1.0,1.0,0.0,0.0,0.0,dgetrf,0.0,0.000341833,2.599055839011324e-17
2,dingdong,256,16,16,16,2.597041432373485,0.0,0.0,1.0,1.0,0.0,0.0,0.0,dgetrf,0.0,3.75e-6,4.498113587669071e-17
2,erdrey,256,16,16,16,21.584945366189615,0.8203125,0.0,1.0,1.0,0.0,0.0,0.0,dgetrf,1.959e-6,4.5e-6,1.2283763059989791e-17
1,erdrey,65536,256,256,256,571.9865524113811,0.97833251953125,0.0,1.0,1.0,0.0,0.0,0.0,dgetrf,2.9e-5,0.0003605,8.877886458667726e-17
2,erdrey,256,16,16,16,21.584945366189615,0.8203125,0.0,1.0,1.0,0.0,0.0,0.0,dgetrf,1.959e-6,4.5e-6,1.2283763059989791e-17
2,fiedler,256,16,16,16,175.37549663067028,0.0625,0.0,1.0,1.0,0.0,0.0,0.0,dgetrf,0.0,3.291e-6,1.3079509704019749e-17
3,fiedler,65536,256,256,256,45532.98575491217,0.00390625,0.0,1.0,1.0,0.0,0.0,0.0,dgetrf,0.0,0.000333708,1.3501337406742525e-17
2,fiedler,256,16,16,16,175.37549663067028,0.0625,0.0,1.0,1.0,0.0,0.0,0.0,dgetrf,0.0,3.291e-6,1.3079509704019749e-17
3,forsythe,256,16,16,16,6.7108864e7,0.9375,0.0,0.0,0.0,0.0,0.0,0.0,dgetrf,0.0,4.416e-6,0.0
3,forsythe,65536,256,256,256,6.7108864e7,0.99609375,0.0,0.0,0.0,0.0,0.0,0.0,klu,0.0,1.2041e-5,0.0
3,forsythe,256,16,16,16,6.7108864e7,0.9375,0.0,0.0,0.0,0.0,0.0,0.0,dgetrf,0.0,4.416e-6,0.0
3,foxgood,256,16,16,14,7.681935762674974e16,0.0,0.0,1.0,1.0,0.0,0.0,0.0,dgetrf,0.0,4.084e-6,2.481233669711548e-17
3,foxgood,65536,256,256,26,7.189129992476877e20,0.0,0.0,1.0,1.0,0.0,0.0,0.0,dgetrf,0.0,0.000363292,5.827188114492589e-18
3,foxgood,256,16,16,14,7.681935762674974e16,0.0,0.0,1.0,1.0,0.0,0.0,0.0,dgetrf,0.0,4.084e-6,2.481233669711548e-17
2,frank,256,16,16,16,2.3048660109097006e14,0.41015625,0.0,0.0,0.0,0.0,0.0,0.0,dgetrf,0.0,4.084e-6,1.4834105949243438e-18
3,frank,65536,256,256,255,1.342518513304239e19,0.4941558837890625,0.0,0.0,0.0,0.0,0.0,0.0,dgetrf,0.0,0.000342583,2.352355779183168e-20
2,frank,256,16,16,16,2.3048660109097006e14,0.41015625,0.0,0.0,0.0,0.0,0.0,0.0,dgetrf,0.0,4.084e-6,1.4834105949243438e-18
3,gilbert,65536,256,256,256,1343.4054702829349,0.9786376953125,0.0,1.0,1.0,0.0,0.0,0.0,dgetrf,3.3833e-5,0.000422583,9.557851210450217e-17
3,gilbert,65536,256,256,256,1343.4054702829349,0.9786376953125,0.0,1.0,1.0,0.0,0.0,0.0,dgetrf,3.3833e-5,0.000422583,9.557851210450217e-17
1,golub,256,16,16,15,3.5775695447479744e17,0.0,0.0,0.0,0.0,0.0,0.0,0.0,dgetrf,0.0,4.75e-6,1.4339438077480119e-18
2,golub,65536,256,256,246,5.302716654306062e17,0.0,0.0,0.0,0.0,0.0,0.0,0.0,dgetrf,0.0,0.00041125,4.221497915465618e-19
1,golub,256,16,16,15,3.5775695447479744e17,0.0,0.0,0.0,0.0,0.0,0.0,0.0,dgetrf,0.0,4.75e-6,1.4339438077480119e-18
3,gravity,256,16,16,16,18403.730755697383,0.0,0.0,1.0,1.0,1.0,0.0,0.0,dgetrf,0.0,5.833e-6,1.7151710317138313e-17
2,gravity,65536,256,256,46,7.531369980549001e18,0.0,0.0,1.0,1.0,0.0,0.0,0.0,dgetrf,0.0,0.000356625,1.0488513614442942e-17
3,gravity,256,16,16,16,18403.730755697383,0.0,0.0,1.0,1.0,1.0,0.0,0.0,dgetrf,0.0,5.833e-6,1.7151710317138313e-17
1,grcar,256,16,16,16,3.1112656825001848,0.71484375,0.0,0.0,0.0,0.0,0.0,0.0,dgetrf,0.0,4.417e-6,5.0069028390921864e-17
1,grcar,65536,256,256,256,3.621452294223987,0.9805755615234375,0.0,0.0,0.0,0.0,0.0,0.0,klu,0.0,4.8375e-5,9.601764639148402e-18
1,grcar,256,16,16,16,3.1112656825001848,0.71484375,0.0,0.0,0.0,0.0,0.0,0.0,dgetrf,0.0,4.417e-6,5.0069028390921864e-17
3,hadamard,256,16,16,16,1.0000000000000004,0.0,0.0,1.0,1.0,0.0,0.0,0.0,dgetrf,0.0,4.083e-6,4.389232310040667e-17
1,hadamard,65536,256,256,256,1.0000000000000024,0.0,0.0,1.0,1.0,0.0,0.0,0.0,dgetrf,0.0,0.000339208,1.1147675865524487e-16
3,hadamard,256,16,16,16,1.0000000000000004,0.0,0.0,1.0,1.0,0.0,0.0,0.0,dgetrf,0.0,4.083e-6,4.389232310040667e-17
1,hankel,256,16,16,16,19.148925053222918,0.0,0.0,1.0,1.0,0.0,0.0,0.0,dgetrf,0.0,4.458e-6,5.1299483756563603e-17
1,hankel,65536,256,256,256,259.0092127378456,0.0,0.0,1.0,1.0,0.0,0.0,0.0,dgetrf,0.0,0.000349625,3.951935539642597e-17
1,hankel,256,16,16,16,19.148925053222918,0.0,0.0,1.0,1.0,0.0,0.0,0.0,dgetrf,0.0,4.458e-6,5.1299483756563603e-17
2,heat,256,16,16,15,5.744970531987984e18,0.46875,0.0,0.0,0.0,0.0,0.0,1.0,dgetrf,0.0,6.709e-6,3.7045950401121177e-19
1,heat,65536,256,256,250,2.629576174144978e71,0.498046875,0.0,0.0,0.0,0.0,0.0,1.0,umfpack,0.0001025,0.000253,NaN
2,heat,256,16,16,15,5.744970531987984e18,0.46875,0.0,0.0,0.0,0.0,0.0,1.0,dgetrf,0.0,6.709e-6,3.7045950401121177e-19
1,hilb,256,16,16,12,6.019326309924319e17,0.0,0.0,1.0,1.0,0.0,0.0,0.0,dgetrf,0.0,4.375e-6,1.0268382172180136e-17
3,hilb,65536,256,256,20,4.1624737280483774e20,0.0,0.0,1.0,1.0,0.0,0.0,0.0,dgetrf,0.0,0.000452458,3.964151200463073e-18
1,hilb,256,16,16,12,6.019326309924319e17,0.0,0.0,1.0,1.0,0.0,0.0,0.0,dgetrf,0.0,4.375e-6,1.0268382172180136e-17
1,invol,256,16,16,10,3.0033650504172237e19,0.0,0.0,0.0,0.0,0.0,0.0,0.0,dgetrf,0.0,5.75e-6,9.275876780050168e-19
1,invol,65536,256,256,6,2.890614392091776e59,0.0,0.0,0.0,0.0,0.0,0.0,0.0,dgetrf,0.0,0.000400083,3.4512611370917855e-19
1,invol,256,16,16,10,3.0033650504172237e19,0.0,0.0,0.0,0.0,0.0,0.0,0.0,dgetrf,0.0,5.75e-6,9.275876780050168e-19
2,kahan,256,16,16,16,419.7869817397411,0.46875,0.0,0.0,0.0,0.0,1.0,0.0,dgetrf,0.0,6.0e-6,9.370343680117523e-18
2,kahan,65536,256,256,255,1.0522906218544412e26,0.498046875,0.0,0.0,0.0,0.0,1.0,0.0,klu,0.0,0.000165167,7.812293094054941e-18
2,kahan,256,16,16,16,419.7869817397411,0.46875,0.0,0.0,0.0,0.0,1.0,0.0,dgetrf,0.0,6.0e-6,9.370343680117523e-18
3,kms,256,16,16,16,8.462012849559207,0.0,0.0,1.0,1.0,1.0,0.0,0.0,dgetrf,0.0,4.667e-6,4.4023084112950106e-17
1,kms,65536,256,256,256,8.99705215026586,0.0,0.0,1.0,1.0,1.0,0.0,0.0,dgetrf,0.0,0.000401291,2.1529839499932604e-17
3,kms,256,16,16,16,8.462012849559207,0.0,0.0,1.0,1.0,1.0,0.0,0.0,dgetrf,0.0,4.667e-6,4.4023084112950106e-17
2,lehmer,256,16,16,16,233.25528511015742,0.0,0.0,1.0,1.0,1.0,0.0,0.0,dgetrf,0.0,3.875e-6,1.970474100921363e-17
3,lehmer,65536,256,256,256,69102.73118940718,0.0,0.0,1.0,1.0,1.0,0.0,0.0,dgetrf,0.0,0.000337792,1.0053808576394805e-17
2,lehmer,256,16,16,16,233.25528511015742,0.0,0.0,1.0,1.0,1.0,0.0,0.0,dgetrf,0.0,3.875e-6,1.970474100921363e-17
1,lotkin,256,16,16,12,6.191880984524667e17,0.0,0.0,0.0,0.0,0.0,0.0,0.0,dgetrf,0.0,4.667e-6,1.2184407604089089e-17
2,lotkin,65536,256,256,19,4.892639371087678e20,0.0,0.0,0.0,0.0,0.0,0.0,0.0,dgetrf,0.0,0.000354833,2.9701257046101567e-18
1,lotkin,256,16,16,12,6.191880984524667e17,0.0,0.0,0.0,0.0,0.0,0.0,0.0,dgetrf,0.0,4.667e-6,1.2184407604089089e-17
1,magic,256,16,16,3,1.649301932191887e19,0.0,0.0,0.0,0.0,0.0,0.0,0.0,dgetrf,0.0,6.792e-6,1.9110727008561142e-17
2,magic,65536,256,256,3,1.7003277660358371e19,0.0,0.0,0.0,0.0,0.0,0.0,0.0,dgetrf,0.0,0.000358417,4.633458702195876e-18
1,magic,256,16,16,3,1.649301932191887e19,0.0,0.0,0.0,0.0,0.0,0.0,0.0,dgetrf,0.0,6.792e-6,1.9110727008561142e-17
2,minij,256,16,16,16,437.69761653851185,0.0,0.0,1.0,1.0,1.0,0.0,0.0,dgetrf,0.0,3.583e-6,2.838445163112688e-18
2,minij,65536,256,256,256,106654.7116833422,0.0,0.0,1.0,1.0,1.0,0.0,0.0,dgetrf,0.0,0.000342042,1.862859826405e-18
2,minij,256,16,16,16,437.69761653851185,0.0,0.0,1.0,1.0,1.0,0.0,0.0,dgetrf,0.0,3.583e-6,2.838445163112688e-18
2,moler,256,16,16,16,4.172334681524535e10,0.109375,0.0,1.0,1.0,1.0,0.0,0.0,dgetrf,0.0,4.333e-6,3.999345665354761e-18
2,moler,65536,256,256,255,9.995601423281524e15,0.00775146484375,0.0,1.0,1.0,1.0,0.0,0.0,dgetrf,0.0,0.000337167,1.3856891712290644e-20
2,moler,256,16,16,16,4.172334681524535e10,0.109375,0.0,1.0,1.0,1.0,0.0,0.0,dgetrf,0.0,4.333e-6,3.999345665354761e-18
2,oscillate,256,16,16,16,6.710886408825664e7,0.0,0.0,0.0,0.0,0.0,0.0,0.0,dgetrf,0.0,4.875e-6,1.0234979788903478e-17
2,oscillate,65536,256,256,256,6.710886459988333e7,0.0,0.0,0.0,0.0,0.0,0.0,0.0,dgetrf,0.0,0.000340209,5.453767923351412e-18
2,oscillate,256,16,16,16,6.710886408825664e7,0.0,0.0,0.0,0.0,0.0,0.0,0.0,dgetrf,0.0,4.875e-6,1.0234979788903478e-17
1,parter,256,16,16,16,2.597041432373486,0.0,0.0,0.0,0.0,0.0,0.0,0.0,dgetrf,0.0,4.292e-6,3.236287769946583e-17
1,parter,65536,256,256,256,3.6884666368943746,0.0,0.0,0.0,0.0,0.0,0.0,0.0,dgetrf,0.0,0.000342917,2.4844136991807615e-17
1,parter,256,16,16,16,2.597041432373486,0.0,0.0,0.0,0.0,0.0,0.0,0.0,dgetrf,0.0,4.292e-6,3.236287769946583e-17
2,pascal,256,16,16,14,4.244685974352883e16,0.0,0.0,1.0,1.0,1.0,0.0,0.0,dgetrf,0.0,4.0e-6,6.964129679832501e-19
2,pascal,65536,256,256,6,3.8352995414338934e177,0.0,0.0,1.0,1.0,0.0,0.0,0.0,dgetrf,0.0,0.0003685,9.941887778376496e-152
2,pascal,256,16,16,14,4.244685974352883e16,0.0,0.0,1.0,1.0,1.0,0.0,0.0,dgetrf,0.0,4.0e-6,6.964129679832501e-19
3,pei,256,16,16,16,17.0,0.0,0.0,1.0,1.0,1.0,0.0,0.0,dgetrf,0.0,4.25e-6,2.3581896932639928e-17
1,pei,65536,256,256,256,257.0000000004094,0.0,0.0,1.0,1.0,1.0,0.0,0.0,dgetrf,0.0,0.000344125,1.4921937377915393e-17
3,pei,256,16,16,16,17.0,0.0,0.0,1.0,1.0,1.0,0.0,0.0,dgetrf,0.0,4.25e-6,2.3581896932639928e-17
1,phillips,256,16,16,16,1472.1410834752728,0.515625,0.0,1.0,1.0,0.0,0.0,0.0,dgetrf,0.0,5.583e-6,1.1625791923643093e-17
2,phillips,65536,256,256,256,1.1354150888684054e8,0.5595703125,0.0,1.0,1.0,0.0,0.0,0.0,dgetrf,0.0,0.000353417,1.4143353590875188e-17
1,phillips,256,16,16,16,1472.1410834752728,0.515625,0.0,1.0,1.0,0.0,0.0,0.0,dgetrf,0.0,5.583e-6,1.1625791923643093e-17
1,poisson,256,16,16,16,9.472135954999576,0.75,0.0,1.0,1.0,1.0,0.0,0.0,dgetrf,5.5e-6,4.459e-6,2.5624165493886205e-17
1,poisson,65536,256,256,256,116.46119157748863,0.9814453125,0.0,1.0,1.0,1.0,0.0,0.0,klu,0.0,0.000136833,7.280418347697373e-18
1,poisson,256,16,16,16,9.472135954999576,0.75,0.0,1.0,1.0,1.0,0.0,0.0,dgetrf,5.5e-6,4.459e-6,2.5624165493886205e-17
1,prolate,256,16,16,16,110.96946936728523,0.0,0.0,1.0,1.0,0.0,0.0,0.0,dgetrf,0.0,4.667e-6,2.1939931622380908e-17
1,prolate,65536,256,256,256,26801.36056996058,0.0,0.0,1.0,1.0,0.0,0.0,0.0,dgetrf,0.0,0.000347791,1.836322412070132e-17
1,prolate,256,16,16,16,110.96946936728523,0.0,0.0,1.0,1.0,0.0,0.0,0.0,dgetrf,0.0,4.667e-6,2.1939931622380908e-17
3,randcorr,256,16,16,16,21.838798965023834,0.0,0.0,1.0,1.0,1.0,0.0,0.0,dgetrf,0.0,4.5e-6,3.943715329440047e-17
2,randcorr,65536,256,256,256,3276.4126586387247,0.0,0.0,1.0,1.0,1.0,0.0,0.0,dgetrf,0.0,0.000334709,2.7283346717767912e-17
3,randcorr,256,16,16,16,21.838798965023834,0.0,0.0,1.0,1.0,1.0,0.0,0.0,dgetrf,0.0,4.5e-6,3.943715329440047e-17
2,rando,256,16,16,16,343.6861014218802,0.48828125,0.0,0.0,0.0,0.0,0.0,0.0,dgetrf,0.0,4.583e-6,1.7148616552744793e-17
2,rando,65536,256,256,256,5148.686283028612,0.502960205078125,0.0,0.0,0.0,0.0,0.0,0.0,dgetrf,0.0,0.000357083,1.4509020682112602e-16
2,rando,256,16,16,16,343.6861014218802,0.48828125,0.0,0.0,0.0,0.0,0.0,0.0,dgetrf,0.0,4.583e-6,1.7148616552744793e-17
1,randsvd,256,16,16,16,6.710886399497305e7,0.0,0.0,0.0,0.0,0.0,0.0,0.0,dgetrf,0.0,6.625e-6,2.7222553731514318e-17
1,randsvd,65536,256,256,256,6.710886394575832e7,0.0,0.0,0.0,0.0,0.0,0.0,0.0,dgetrf,0.0,0.000354292,4.710737664165208e-17
1,randsvd,256,16,16,16,6.710886399497305e7,0.0,0.0,0.0,0.0,0.0,0.0,0.0,dgetrf,0.0,6.625e-6,2.7222553731514318e-17
2,rohess,256,16,16,16,1.0000000000000013,0.41015625,0.0,0.0,0.0,0.0,0.0,0.0,dgetrf,0.0,4.75e-6,4.785027268635356e-17
3,rohess,65536,256,256,256,1.0000000000000038,0.4941558837890625,0.0,0.0,0.0,0.0,0.0,0.0,dgetrf,0.0,0.000349416,2.5217159657282692e-17
2,rohess,256,16,16,16,1.0000000000000013,0.41015625,0.0,0.0,0.0,0.0,0.0,0.0,dgetrf,0.0,4.75e-6,4.785027268635356e-17
2,rosser,256,16,16,14,1.5921968982127928e16,0.125,0.0,1.0,1.0,0.0,0.0,0.0,dgetrf,0.0,5.041e-6,2.6050971840531487e-17
2,rosser,65536,256,256,224,9.505382651850893e17,0.95263671875,0.0,1.0,1.0,0.0,0.0,0.0,klu,0.0,9.4e-5,2.2786851022603688e-17
2,rosser,256,16,16,14,1.5921968982127928e16,0.125,0.0,1.0,1.0,0.0,0.0,0.0,dgetrf,0.0,5.041e-6,2.6050971840531487e-17
2,sampling,256,16,16,15,8.234640121683445e16,0.0,0.0,0.0,0.0,0.0,0.0,0.0,dgetrf,0.0,4.125e-6,2.631358990839616e-17
3,sampling,65536,256,256,255,6.9188475229959416e16,0.0,0.0,0.0,0.0,0.0,0.0,0.0,dgetrf,0.0,0.000338958,5.916401535162332e-18
2,sampling,256,16,16,15,8.234640121683445e16,0.0,0.0,0.0,0.0,0.0,0.0,0.0,dgetrf,0.0,4.125e-6,2.631358990839616e-17
1,shaw,256,16,16,16,5.3147137535105804e11,0.0,0.0,1.0,1.0,0.0,0.0,0.0,dgetrf,0.0,5.208e-6,1.7992214598205003e-17
1,shaw,65536,256,256,20,4.208639464812694e20,0.0,0.0,1.0,1.0,0.0,0.0,0.0,dgetrf,0.0,0.000354125,5.340015805347776e-18
1,shaw,256,16,16,16,5.3147137535105804e11,0.0,0.0,1.0,1.0,0.0,0.0,0.0,dgetrf,0.0,5.208e-6,1.7992214598205003e-17
2,smallworld,256,16,16,16,31.540500837802924,0.7421875,0.0,1.0,1.0,0.0,0.0,0.0,dgetrf,1.7167e-5,5.042e-6,2.944788064785474e-17
1,smallworld,65536,256,256,256,2166.669401495573,0.98345947265625,0.0,1.0,1.0,0.0,0.0,0.0,klu,0.0,0.000143208,5.708624873950496e-17
2,smallworld,256,16,16,16,31.540500837802924,0.7421875,0.0,1.0,1.0,0.0,0.0,0.0,dgetrf,1.7167e-5,5.042e-6,2.944788064785474e-17
2,spikes,256,16,16,12,4.302792715824899e17,0.0,0.0,0.0,0.0,0.0,0.0,0.0,dgetrf,0.0,4.333e-6,8.564158777018143e-18
1,spikes,65536,256,256,24,1.113380417157525e20,0.0,0.0,0.0,0.0,0.0,0.0,0.0,dgetrf,0.0,0.000353542,2.648834690171863e-18
2,spikes,256,16,16,12,4.302792715824899e17,0.0,0.0,0.0,0.0,0.0,0.0,0.0,dgetrf,0.0,4.333e-6,8.564158777018143e-18
3,toeplitz,256,16,16,16,206.1327176843014,0.0,0.0,1.0,1.0,0.0,0.0,0.0,dgetrf,0.0,3.709e-6,1.2003588633484594e-17
2,toeplitz,65536,256,256,256,46027.48637082602,0.0,0.0,1.0,1.0,0.0,0.0,0.0,dgetrf,0.0,0.000351625,6.070309918103707e-18
3,toeplitz,256,16,16,16,206.1327176843014,0.0,0.0,1.0,1.0,0.0,0.0,0.0,dgetrf,0.0,3.709e-6,1.2003588633484594e-17
2,triw,256,16,16,16,204262.9571835094,0.46875,0.0,0.0,0.0,0.0,1.0,0.0,dgetrf,0.0,4.75e-6,2.6465900527254747e-18
2,triw,65536,256,256,255,2.5601496081691345e19,0.498046875,0.0,0.0,0.0,0.0,1.0,0.0,klu,0.0,0.000135458,3.0780565329343793e-78
2,triw,256,16,16,16,204262.9571835094,0.46875,0.0,0.0,0.0,0.0,1.0,0.0,dgetrf,0.0,4.75e-6,2.6465900527254747e-18
2,ursell,256,16,16,16,1.2079850816313172e14,0.0,0.0,1.0,1.0,0.0,0.0,0.0,dgetrf,0.0,4.5e-6,1.4835981410354567e-17
1,ursell,65536,256,256,253,1.1861111489636327e14,0.0,0.0,1.0,1.0,0.0,0.0,0.0,dgetrf,0.0,0.000354083,2.3564433890964755e-17
2,ursell,256,16,16,16,1.2079850816313172e14,0.0,0.0,1.0,1.0,0.0,0.0,0.0,dgetrf,0.0,4.5e-6,1.4835981410354567e-17
2,vand,256,16,16,8,1.5649254590697983e20,0.0,0.0,0.0,0.0,0.0,0.0,0.0,dgetrf,0.0,4.833e-6,2.2283877847879188e-27
2,vand,256,16,16,8,1.5649254590697983e20,0.0,0.0,0.0,0.0,0.0,0.0,0.0,dgetrf,0.0,4.833e-6,2.2283877847879188e-27
2,wing,256,16,16,8,3.324384503326781e18,0.0,0.0,0.0,0.0,0.0,0.0,0.0,dgetrf,0.0,5.25e-6,2.400574976122933e-18
2,wing,65536,256,256,8,8.11332092983476e20,0.0,0.0,0.0,0.0,0.0,0.0,0.0,dgetrf,0.0,0.000341166,5.369283513058471e-20
2,wing,256,16,16,8,3.324384503326781e18,0.0,0.0,0.0,0.0,0.0,0.0,0.0,dgetrf,0.0,5.25e-6,2.400574976122933e-18
3,Bai/bfwa62,3844,62,62,62,553.0614770730951,0.8829344432882414,0.0,0.0,0.0,0.0,0.0,0.0,dgetrf,2.792e-6,2.4583e-5,8.624512795572852e-18
1,Bai/bfwb62,3844,62,62,62,12.233397315325462,0.9474505723204995,0.0,0.0,0.0,0.0,0.0,1.0,klu,0.0,1.3e-5,6.5255859796464096e-18
1,Bai/tols90,8100,90,90,90,20232.030442995077,0.7844444444444445,0.0,0.0,0.0,0.0,0.0,0.0,klu,0.0,2.725e-5,2.1530439819331332e-19
3,FIDAP/ex5,729,27,27,27,17.829761335132893,0.7901234567901234,0.0,0.0,0.0,0.0,0.0,1.0,klu,0.0,8.291e-6,6.866459268867807e-18
3,Grund/b1_ss,49,7,7,7,197.37318146617636,0.6938775510204082,0.0,0.0,0.0,0.0,0.0,0.0,dgetrf,2.375e-6,4.541e-6,2.9702574140717072e-18
1,Grund/d_dyn,7569,87,87,87,7.415749730832279e6,0.9696128947020742,0.0,0.0,0.0,0.0,0.0,0.0,klu,0.0,4.6792e-5,5.637361015470279e-18
1,Grund/d_dyn1,7569,87,87,87,7.427809209253548e6,0.9693486590038314,0.0,0.0,0.0,0.0,0.0,0.0,dgetrf,2.208e-6,4.2375e-5,1.150932603988869e-18
1,Grund/d_ss,2809,53,53,53,6.144859616853981e8,0.9487362050551797,0.0,0.0,0.0,0.0,0.0,0.0,dgetrf,2.334e-6,2.0458e-5,1.0013446187435432e-18
2,HB/ash85,7225,85,85,85,128.07879432287083,0.957923875432526,0.0,0.0,0.0,0.0,0.0,1.0,klu,0.0,1.1875e-5,4.5889882858162464e-18
1,HB/bcspwr01,1521,39,39,39,43.522969904790166,0.9441157133464826,0.0,0.0,0.0,0.0,0.0,1.0,klu,0.0,8.375e-6,6.914928527532812e-18
3,HB/bcspwr02,2401,49,49,49,36.723128666472064,0.9550187421907539,0.0,0.0,0.0,0.0,0.0,1.0,klu,0.0,8.709e-6,5.326485234718568e-18
1,HB/bcsstk01,2304,48,48,48,43782.156097111125,0.9027777777777778,0.0,0.0,0.0,0.0,0.0,1.0,klu,0.0,1.05e-5,2.957378245684361e-20
2,HB/bcsstk02,4356,66,66,66,17.165169924274537,0.49242424242424243,0.0,0.0,0.0,0.0,0.0,1.0,klu,0.0,1.8708e-5,1.3622836943044381e-17
2,HB/bcsstm02,4356,66,66,66,8.752170469913189,0.9848484848484849,1.0,1.0,1.0,1.0,1.0,1.0,klu,0.0,8.25e-6,2.2417109450249093e-18
1,HB/can_24,576,24,24,24,34.07768629328619,0.8402777777777778,0.0,0.0,0.0,0.0,0.0,1.0,klu,0.0,8.083e-6,7.95082597780198e-18
2,HB/can_61,3721,61,61,61,135.47609727048686,0.916957807041118,0.0,0.0,0.0,0.0,0.0,1.0,klu,0.0,1.15e-5,5.9701313185233025e-18
3,HB/can_62,3844,62,62,62,85.98162430916143,0.963579604578564,0.0,0.0,0.0,0.0,0.0,1.0,klu,0.0,9.959e-6,4.486140687829019e-18
2,HB/can_73,5329,73,73,73,1763.4917014620264,0.9577781947832614,0.0,0.0,0.0,0.0,0.0,1.0,klu,0.0,9.459e-6,5.412882854960458e-18
2,HB/can_96,9216,96,96,96,1.822963778688251e6,0.953125,0.0,0.0,0.0,0.0,0.0,1.0,klu,0.0,1.125e-5,2.7448709656278884e-18
2,HB/dwt_59,3481,59,59,59,191.10161643179535,0.9531743751795461,0.0,0.0,0.0,0.0,0.0,1.0,klu,0.0,1.2291e-5,5.399757033416537e-18
2,HB/dwt_66,4356,66,66,66,62.61208645540396,0.9556932966023876,0.0,0.0,0.0,0.0,0.0,1.0,klu,0.0,9.167e-6,5.432496050753528e-18
2,HB/dwt_72,5184,72,72,72,113.98246833943041,0.9716435185185185,0.0,0.0,0.0,0.0,0.0,1.0,klu,0.0,7.875e-6,6.2988798810580674e-18
3,HB/dwt_87,7569,87,87,87,159.77909847205495,0.9585149953758753,0.0,0.0,0.0,0.0,0.0,1.0,klu,0.0,1.3e-5,5.472706158981348e-18
2,HB/ibm32,1024,32,32,32,404.1150535827763,0.876953125,0.0,0.0,0.0,0.0,0.0,0.0,dgetrf,6.625e-6,2.4666e-5,3.6587533025512056e-17
2,HB/impcol_b,3481,59,59,59,163374.72498980144,0.9221488078138466,0.0,0.0,0.0,0.0,0.0,0.0,dgetrf,3.333e-6,2.675e-5,9.605721151123437e-18
2,HB/lap_25,625,25,25,25,363.42782551178794,0.8448,0.0,0.0,0.0,0.0,0.0,1.0,klu,0.0,7.959e-6,8.219279688895054e-18
1,HB/pores_1,900,30,30,30,1.812615858941931e6,0.8,0.0,0.0,0.0,0.0,0.0,0.0,dgetrf,2.0e-6,1.0625e-5,1.2843904916345314e-17
2,HB/steam3,6400,80,80,80,4.993685967352331e10,0.9509375,0.0,0.0,0.0,0.0,0.0,0.0,klu,0.0,2.2041e-5,4.6385505867918736e-24
3,HB/west0067,4489,67,67,67,130.21736674566404,0.9345065716195143,0.0,0.0,0.0,0.0,0.0,0.0,dgetrf,4.583e-6,3.0625e-5,1.8726774442471467e-17
2,Hamrle/Hamrle1,1024,32,32,32,1.0617103403989424e6,0.904296875,0.0,0.0,0.0,0.0,0.0,0.0,dgetrf,1.875e-6,1.2042e-5,3.2046705515920005e-19
1,JGD_CAG/CAG_mat72,5184,72,72,72,8786.16650166308,0.8047839506172839,0.0,0.0,0.0,0.0,0.0,0.0,klu,0.004446916,5.3125e-5,6.5917635651921986e-18
2,JGD_Trefethen/Trefethen_20,400,20,20,20,39.081090307482064,0.7775,0.0,0.0,0.0,0.0,0.0,1.0,klu,0.0,9.083e-6,8.982956867475559e-18
2,JGD_Trefethen/Trefethen_20b,361,19,19,19,24.65098086001617,0.7700831024930748,0.0,0.0,0.0,0.0,0.0,1.0,klu,0.0,7.708e-6,4.1305054344818694e-18
3,Oberwolfach/LF10,324,18,18,18,75215.78761417005,0.845679012345679,0.0,0.0,0.0,0.0,0.0,1.0,klu,0.0,8.708e-6,1.5165710719728334e-19
3,Oberwolfach/LFAT5,196,14,14,14,4.181050586337629e7,0.8469387755102041,0.0,0.0,0.0,0.0,0.0,1.0,klu,0.0,8.292e-6,1.771377734316145e-23
2,Pajek/GD95_c,3844,62,62,62,51.48301866570961,0.9253381893860562,0.0,0.0,0.0,0.0,0.0,0.0,dgetrf,2.917e-6,2.5125e-5,7.331516233736282e-17
3,Pajek/Tina_AskCog,121,11,11,11,19.78371320075263,0.7024793388429752,0.0,0.0,0.0,0.0,0.0,0.0,dgetrf,2.5e-6,4.375e-6,0.0
1,Pothen/mesh1e1,2304,48,48,48,3.554720228811436,0.9231770833333334,0.0,0.0,0.0,0.0,0.0,1.0,klu,0.0,1.0041e-5,1.3833403730011892e-17
1,Pothen/mesh1em1,2304,48,48,48,15.889243622628886,0.9231770833333334,0.0,0.0,0.0,0.0,0.0,1.0,klu,0.0,9.834e-6,7.303805060899922e-18
1,Pothen/mesh1em6,2304,48,48,48,3.953703510755165,0.9231770833333334,0.0,0.0,0.0,0.0,0.0,1.0,klu,0.0,9.666e-6,1.2038211498013246e-17
1,Pothen/sphere2,4356,66,66,66,129.20675494071162,0.940771349862259,0.0,0.0,0.0,0.0,0.0,1.0,klu,0.0,1.0167e-5,6.6839966017890385e-18
2,Rommes/ww_36_pmec_36,4356,66,66,66,810277.1418402274,0.7258953168044077,0.0,0.0,0.0,0.0,0.0,0.0,dgetrf,3.875e-6,3.025e-5,3.1715962995117335e-18
1,vanHeukelum/cage3,25,5,5,5,18.845465463133916,0.24,0.0,0.0,0.0,0.0,0.0,0.0,dgetrf,1.167e-6,2.666e-6,1.63098140455146e-17
1,vanHeukelum/cage4,81,9,9,9,19.363105859279017,0.3950617283950617,0.0,0.0,0.0,0.0,0.0,0.0,dgetrf,2.25e-6,4.375e-6,2.829075607253517e-17
2,vanHeukelum/cage5,1369,37,37,37,15.416552301670588,0.8298027757487217,0.0,0.0,0.0,0.0,0.0,0.0,dgetrf,2.667e-6,1.6041e-5,1.8536239075538497e-17
3,vanHeukelum/cage6,8649,93,93,93,11.424578584813595,0.9092380622037229,0.0,0.0,0.0,0.0,0.0,0.0,dgetrf,8.125e-6,5.6042e-5,2.2036267236141185e-17
